{

	"metadata" :
	{
		"formatVersion" : 3.1,
		"generatedBy"   : "Blender 2.66 Exporter",
		"vertices"      : 242,
		"faces"         : 256,
		"normals"       : 0,
		"colors"        : 0,
		"uvs"           : [],
		"materials"     : 1,
		"morphTargets"  : 0,
		"bones"         : 0
	},

	"scale" : 1.000000,

	"materials" : [	{
		"DbgColor" : 15658734,
		"DbgIndex" : 0,
		"DbgName" : "ball",
		"blending" : "NormalBlending",
		"colorAmbient" : [0.4751317571868263, 0.6836501223392801, 0.6473020173207225],
		"colorDiffuse" : [0.4751317571868263, 0.6836501223392801, 0.6473020173207225],
		"colorSpecular" : [0.09882987290620804, 0.45873746275901794, 0.4800284206867218],
		"depthTest" : true,
		"depthWrite" : true,
		"shading" : "Lambert",
		"specularCoef" : 50,
		"transparency" : 1.0,
		"transparent" : false,
		"vertexColors" : false
	}],

	"vertices" : [-0.975452,4.90393,-2.14357e-07,-1.91342,4.6194,-2.0192e-07,-2.77785,4.15735,-1.81723e-07,-3.53553,3.53553,-1.54543e-07,-4.15735,2.77785,-1.21424e-07,-4.6194,1.91342,-8.36381e-08,-4.90393,0.975452,-4.26384e-08,-5,3.77489e-07,-1.65006e-14,-4.90393,-0.975451,4.26383e-08,-4.6194,-1.91342,8.36381e-08,-4.15735,-2.77785,1.21424e-07,-3.53553,-3.53553,1.54543e-07,-2.77785,-4.15735,1.81723e-07,-1.91342,-4.6194,2.0192e-07,-0.97545,-4.90393,2.14357e-07,-0.9012,4.90393,-0.37329,-1.76777,4.6194,-0.732234,-2.5664,4.15735,-1.06304,-3.26641,3.53553,-1.35299,-3.84089,2.77785,-1.59095,-4.26777,1.91342,-1.76777,-4.53064,0.975452,-1.87665,-4.6194,3.93199e-07,-1.91342,-4.53064,-0.975451,-1.87665,-4.26777,-1.91342,-1.76777,-3.84089,-2.77785,-1.59095,-3.26641,-3.53553,-1.35299,-2.5664,-4.15735,-1.06304,-1.76777,-4.6194,-0.732233,-0.901199,-4.90393,-0.373289,-0.689748,4.90393,-0.68975,-1.35299,4.6194,-1.35299,-1.96424,4.15735,-1.96424,-2.5,3.53553,-2.5,-2.93969,2.77785,-2.93969,-3.26641,1.91342,-3.26641,-3.4676,0.975452,-3.4676,-3.53553,3.22294e-07,-3.53553,-3.4676,-0.975451,-3.4676,-3.26641,-1.91342,-3.26641,-2.93969,-2.77785,-2.93969,-2.5,-3.53553,-2.5,-1.96424,-4.15735,-1.96424,-1.35299,-4.6194,-1.35299,-0.689747,-4.90393,-0.689748,1.62921e-06,-5,2.18557e-07,-0.373288,4.90393,-0.901201,-0.732232,4.6194,-1.76777,-1.06304,4.15735,-2.5664,-1.35299,3.53553,-3.26641,-1.59095,2.77785,-3.84089,-1.76777,1.91342,-4.26777,-1.87665,0.975452,-4.53064,-1.91342,2.74917e-07,-4.6194,-1.87665,-0.975451,-4.53064,-1.76777,-1.91342,-4.26777,-1.59095,-2.77785,-3.84089,-1.35299,-3.53553,-3.26641,-1.06304,-4.15735,-2.5664,-0.732232,-4.6194,-1.76777,-0.373288,-4.90393,-0.9012,1.65901e-06,4.90393,-0.975453,1.68881e-06,4.6194,-1.91342,1.62921e-06,4.15735,-2.77785,1.62921e-06,3.53553,-3.53554,1.74842e-06,2.77785,-4.15735,1.86763e-06,1.91342,-4.6194,1.74842e-06,0.975452,-4.90393,1.86763e-06,2.5828e-07,-5,1.74842e-06,-0.975451,-4.90393,1.86763e-06,-1.91342,-4.6194,1.74842e-06,-2.77785,-4.15735,1.62921e-06,-3.53553,-3.53553,1.74842e-06,-4.15735,-2.77785,1.68881e-06,-4.6194,-1.91342,1.65901e-06,-4.90393,-0.975452,0.373291,4.90393,-0.901201,0.732235,4.6194,-1.76777,1.06304,4.15735,-2.5664,1.35299,3.53553,-3.26641,1.59095,2.77785,-3.84089,1.76777,1.91342,-4.26777,1.87665,0.975452,-4.53064,1.91342,2.74917e-07,-4.6194,1.87665,-0.975451,-4.53064,1.76777,-1.91342,-4.26777,1.59095,-2.77785,-3.84089,1.35299,-3.53553,-3.26641,1.06304,-4.15735,-2.5664,0.732235,-4.6194,-1.76777,0.373291,-4.90393,-0.9012,0.689751,4.90393,-0.68975,1.35299,4.6194,-1.35299,1.96424,4.15735,-1.96424,2.5,3.53553,-2.5,2.93969,2.77785,-2.93969,3.26641,1.91342,-3.26641,3.4676,0.975452,-3.4676,3.53554,3.22294e-07,-3.53553,3.4676,-0.975451,-3.4676,3.26641,-1.91342,-3.26641,2.93969,-2.77785,-2.93969,2.5,-3.53553,-2.5,1.96424,-4.15735,-1.96424,1.35299,-4.6194,-1.35299,0.68975,-4.90393,-0.689748,0.901203,4.90393,-0.37329,1.76777,4.6194,-0.732234,2.5664,4.15735,-1.06304,3.26641,3.53553,-1.35299,3.84089,2.77785,-1.59095,4.26777,1.91342,-1.76777,4.53064,0.975452,-1.87665,4.6194,3.93199e-07,-1.91342,4.53064,-0.975451,-1.87665,4.26777,-1.91342,-1.76777,3.84089,-2.77785,-1.59095,3.26641,-3.53553,-1.35299,2.5664,-4.15735,-1.06304,1.76777,-4.6194,-0.732233,0.901202,-4.90393,-0.373289,0.975455,4.90393,-1.2495e-07,1.91342,4.6194,-2.31064e-08,2.77785,4.15735,-6.25142e-08,3.53554,3.53553,-2.73752e-07,4.15735,2.77785,-1.21424e-07,4.6194,1.91342,2.7399e-07,4.90393,0.975452,7.65709e-08,5,4.76837e-07,2.38419e-07,4.90393,-0.975451,1.61848e-07,4.6194,-1.91342,4.41266e-07,4.15735,-2.77785,1.21424e-07,3.53554,-3.53553,3.53338e-08,2.77785,-4.15735,3.00933e-07,1.91342,-4.6194,2.0192e-07,0.975453,-4.90393,3.33567e-07,0.901203,4.90393,0.37329,1.76777,4.6194,0.732234,2.5664,4.15735,1.06304,3.26641,3.53553,1.35299,3.84089,2.77785,1.59095,4.26777,1.91342,1.76777,4.53064,0.975452,1.87665,4.6194,5.60475e-07,1.91342,4.53064,-0.975451,1.87665,4.26777,-1.91342,1.76777,3.84089,-2.77785,1.59095,3.26641,-3.53553,1.35299,2.5664,-4.15735,1.06304,1.76777,-4.6194,0.732233,0.901201,-4.90393,0.37329,0.689751,4.90393,0.689749,1.35299,4.6194,1.35299,1.96424,4.15735,1.96424,2.5,3.53553,2.5,2.93969,2.77785,2.93969,3.26641,1.91342,3.26641,3.4676,0.975452,3.4676,3.53554,6.3138e-07,3.53553,3.4676,-0.975451,3.4676,3.26641,-1.91342,3.26641,2.93969,-2.77785,2.93969,2.5,-3.53553,2.5,1.96424,-4.15735,1.96424,1.35299,-4.6194,1.35299,0.68975,-4.90393,0.689749,0.373291,4.90393,0.901201,0.732235,4.6194,1.76777,1.06304,4.15735,2.5664,1.35299,3.53553,3.26641,1.59095,2.77785,3.84089,1.76777,1.91342,4.26777,1.87665,0.975452,4.53064,1.91342,6.78757e-07,4.6194,1.87665,-0.975451,4.53064,1.76777,-1.91342,4.26777,1.59095,-2.77785,3.84089,1.35299,-3.53553,3.26641,1.06304,-4.15735,2.5664,0.732235,-4.6194,1.76777,0.373291,-4.90393,0.9012,1.45039e-06,4.90393,0.975453,1.27158e-06,4.6194,1.91342,1.51e-06,4.15735,2.77785,1.86763e-06,3.53553,3.53553,1.39079e-06,2.77785,4.15735,1.27158e-06,1.91342,4.6194,1.62921e-06,0.975452,4.90393,1.39079e-06,6.95394e-07,5,1.62921e-06,-0.975451,4.90393,1.27158e-06,-1.91342,4.6194,1.39079e-06,-2.77785,4.15735,1.86763e-06,-3.53553,3.53553,1.27158e-06,-4.15735,2.77785,1.68881e-06,-4.6194,1.91342,1.4802e-06,-4.90393,0.975452,-0.373288,4.90393,0.901201,-0.732232,4.6194,1.76777,-1.06304,4.15735,2.5664,-1.35299,3.53553,3.26641,-1.59095,2.77785,3.84089,-1.76777,1.91342,4.26777,-1.87665,0.975452,4.53064,-1.91342,6.78757e-07,4.6194,-1.87665,-0.975451,4.53064,-1.76777,-1.91342,4.26777,-1.59095,-2.77785,3.84089,-1.35299,-3.53553,3.26641,-1.06304,-4.15735,2.5664,-0.732231,-4.6194,1.76777,-0.373288,-4.90393,0.9012,-0.689748,4.90393,0.689749,-1.35299,4.6194,1.35299,-1.96424,4.15735,1.96424,-2.5,3.53553,2.5,-2.93969,2.77785,2.93969,-3.26641,1.91342,3.26641,-3.4676,0.975452,3.4676,-3.53553,6.3138e-07,3.53553,-3.4676,-0.975451,3.4676,-3.26641,-1.91342,3.26641,-2.93969,-2.77785,2.93969,-2.5,-3.53553,2.5,-1.96424,-4.15735,1.96424,-1.35299,-4.6194,1.35299,-0.689747,-4.90393,0.689749,1.24016e-07,5,4.04913e-07,-0.901199,4.90393,0.373289,-1.76777,4.6194,0.732233,-2.5664,4.15735,1.06304,-3.26641,3.53553,1.35299,-3.84089,2.77785,1.59095,-4.26777,1.91342,1.76777,-4.53064,0.975452,1.87665,-4.6194,5.60475e-07,1.91342,-4.53064,-0.975451,1.87665,-4.26777,-1.91342,1.76777,-3.84089,-2.77785,1.59095,-3.26641,-3.53553,1.35299,-2.5664,-4.15735,1.06304,-1.76777,-4.6194,0.732233,-0.901198,-4.90393,0.373289],

	"morphTargets" : [],

	"normals" : [],

	"colors" : [],

	"uvs" : [],