	{

		"metadata": {
			"formatVersion" : 3.1,
			"generatedBy"   : "Blender 2.7 Exporter",
			"vertices"      : 56,
			"faces"         : 54,
			"normals"       : 32,
			"colors"        : 0,
			"uvs"           : [168],
			"materials"     : 1,
			"morphTargets"  : 0,
			"bones"         : 0
		},

			"scale" : 1.000000,
			
			"vertices" : [1,-1,-1,1,-1,1,-1,-1,1,-1,-1,-1,1,1,-1,0.999999,1,1,-1,1,1,-1,1,-1,1,-0.683136,-0.683136,1,-0.683136,0.683136,1,0.683136,-0.683136,0.999999,0.683136,0.683136,-1,-0.683136,0.683136,-1,-0.683136,-0.683136,-1,0.683136,0.683136,-1,0.683136,-0.683136,0.685407,-0.685407,-1,-0.685407,-0.685407,-1,0.685408,0.685407,-1,0.685407,-0.685407,1,-0.685407,-0.685407,1,0.685407,0.685407,1,-0.685407,0.685407,1,-0.685407,0.685407,-1,0.693024,-1,-0.693024,0.693024,-1,0.693024,-0.693024,-1,-0.693024,-0.693024,-1,0.693024,0.693024,1,-0.693024,0.693024,1,0.693025,-0.693024,1,-0.693024,-0.693024,1,0.693024,0.693024,-0.79608,-0.693024,0.693024,-0.79608,0.693024,-0.693024,-0.79608,-0.693024,-0.693024,-0.79608,0.693024,0.693024,0.79608,-0.693024,0.693024,0.79608,0.693025,-0.693024,0.79608,-0.693024,-0.693024,0.79608,0.693024,0.685407,-0.685407,-0.779381,-0.685407,-0.685407,-0.779381,0.685408,0.685407,-0.779381,0.685407,-0.685407,0.779381,-0.685407,-0.685407,0.779381,0.685407,0.685407,0.779381,-0.685407,0.685407,0.779381,-0.685407,0.685407,-0.779381,0.71927,-0.683136,-0.683136,0.71927,-0.683136,0.683136,0.71927,0.683136,-0.683136,0.719269,0.683136,0.683136,-0.71927,-0.683136,0.683136,-0.71927,-0.683136,-0.683136,-0.71927,0.683136,0.683136,-0.71927,0.683136,-0.683136],
			"faces"    : [43,31,29,37,39,0,0,1,2,3,0,1,2,3,43,29,28,36,37,0,4,5,6,7,1,4,5,2,43,11,9,49,51,0,8,9,10,11,6,7,3,8,43,17,23,47,41,0,12,13,14,15,9,10,8,3,43,14,15,55,54,0,16,17,18,19,11,12,13,14,43,19,21,45,43,0,20,21,22,23,15,16,13,5,43,1,0,8,9,0,24,25,26,27,17,8,18,7,43,0,4,10,8,0,25,28,29,26,8,3,19,18,43,9,11,5,1,0,27,30,31,24,7,6,20,17,43,12,13,3,2,0,32,33,34,35,21,22,14,13,43,14,12,2,6,0,36,32,35,37,11,21,13,5,43,13,15,7,3,0,33,38,39,34,22,12,2,14,43,11,10,4,5,0,30,29,28,31,6,19,3,20,43,15,14,6,7,0,38,36,37,39,12,11,5,2,43,0,3,17,16,0,40,41,42,43,8,14,9,23,43,4,0,16,18,0,44,40,43,45,3,8,23,24,43,19,20,2,1,0,46,47,48,49,15,25,13,17,43,21,19,1,5,0,50,46,49,51,16,15,17,20,43,20,22,6,2,0,47,52,53,48,25,26,5,13,43,23,17,3,7,0,54,42,41,55,10,9,14,2,43,18,23,7,4,0,45,54,55,44,24,10,2,3,43,22,21,5,6,0,52,50,51,53,26,16,20,5,43,0,1,25,24,0,56,57,58,59,8,17,27,28,43,3,0,24,26,0,60,56,59,61,14,8,28,29,43,27,25,1,2,0,62,58,57,63,30,27,17,13,43,26,27,2,3,0,61,62,63,60,29,30,13,14,43,28,29,5,4,0,64,65,66,67,4,1,20,3,43,30,28,4,7,0,68,64,67,69,31,4,3,2,43,29,31,6,5,0,65,70,71,66,1,0,5,20,43,31,30,7,6,0,70,68,69,71,0,31,2,5,43,32,33,35,34,0,72,73,74,75,13,14,8,17,43,36,38,39,37,0,76,77,78,79,5,20,3,2,43,26,24,32,34,0,80,81,82,83,29,28,13,17,43,27,26,34,35,0,84,85,86,87,30,29,17,8,43,28,30,38,36,0,88,89,90,91,4,31,20,5,43,24,25,33,32,0,92,93,94,95,28,27,14,13,43,30,31,39,38,0,96,97,98,99,31,0,3,20,43,25,27,35,33,0,100,101,102,103,27,30,8,14,43,43,45,46,44,0,104,105,106,107,5,13,17,20,43,42,40,41,47,0,108,109,110,111,14,2,3,8,43,16,17,41,40,0,112,113,114,115,23,9,3,2,43,21,22,46,45,0,116,117,118,119,16,26,17,13,43,20,19,43,44,0,120,121,122,123,25,15,5,20,43,22,20,44,46,0,124,125,126,127,26,25,20,17,43,23,18,42,47,0,128,129,130,131,10,24,14,8,43,18,16,40,42,0,132,133,134,135,24,23,2,14,43,48,50,51,49,0,136,137,138,139,20,17,8,3,43,52,54,55,53,0,140,141,142,143,2,14,13,5,43,12,14,54,52,0,144,145,146,147,21,11,14,2,43,10,11,51,50,0,148,149,150,151,19,6,8,17,43,8,10,50,48,0,152,153,154,155,18,19,17,20,43,13,12,52,53,0,156,157,158,159,22,21,2,5,43,15,13,53,55,0,160,161,162,163,12,22,5,13,43,9,8,48,49,0,164,165,166,167,7,18,20,3],
			"uvs"      : [[0.963838,0.838221,0.96337,0.685631,0.985819,0.685562,0.986288,0.838152,0.91381,0.302263,0.913342,0.149673,0.935792,0.149604,0.93626,0.302194,0.013211,0.835107,0.013672,0.684694,0.044578,0.684789,0.044116,0.835202,0.837118,0.083079,0.837581,0.233992,0.813293,0.234066,0.81283,0.083153,0.08147,0.837752,0.081008,0.687339,0.111914,0.687244,0.112375,0.837657,0.285239,0.687319,0.284776,0.838232,0.260488,0.838157,0.260951,0.687244,0.260488,0.261163,0.480668,0.260488,0.445891,0.295478,0.295478,0.29594,0.481343,0.480668,0.446352,0.445891,0.29594,0.446353,0.261163,0.481343,0.199076,0.198614,0.198614,0.048201,0.233391,0.013211,0.234066,0.233391,0.048663,0.199076,0.013886,0.234066,0.048201,0.048663,0.013211,0.013886,0.233391,0.260488,0.234066,0.480668,0.199326,0.44614,0.198863,0.295228,0.013211,0.261163,0.047951,0.295691,0.295691,0.199326,0.446603,0.198863,0.481343,0.233391,0.261163,0.234066,0.295228,0.048414,0.260488,0.013886,0.44614,0.047951,0.480668,0.013211,0.048414,0.446603,0.013886,0.481343,0.727944,0.260488,0.72862,0.480668,0.694721,0.446976,0.694253,0.294386,0.507765,0.261163,0.541663,0.294855,0.542131,0.447444,0.50844,0.481343,0.694721,0.047578,0.542131,0.04711,0.50844,0.013211,0.72862,0.013886,0.694253,0.200168,0.727944,0.234066,0.541663,0.199699,0.507765,0.233391,0.413078,0.507765,0.413546,0.660355,0.260956,0.660823,0.260488,0.508233,0.234066,0.508233,0.233598,0.660823,0.081008,0.660355,0.081476,0.507765,0.986321,0.506093,0.986789,0.658683,0.96434,0.658752,0.963871,0.506162,0.864003,0.235669,0.864471,0.083079,0.886921,0.083148,0.886452,0.235738,0.96315,0.302263,0.962682,0.149673,0.985131,0.149604,0.985599,0.302194,0.936982,0.506093,0.93745,0.658683,0.915,0.658752,0.914532,0.506162,0.864471,0.481343,0.864003,0.328753,0.886452,0.328684,0.886921,0.481274,0.93648,0.685562,0.936948,0.838152,0.914499,0.838221,0.91403,0.685631,0.686025,0.659141,0.685562,0.508228,0.836475,0.507765,0.836938,0.658678,0.507765,0.508228,0.658677,0.507765,0.65914,0.658678,0.508228,0.659141,0.362373,0.687319,0.36191,0.838232,0.337622,0.838157,0.338085,0.687244,0.887647,0.507765,0.88811,0.658678,0.863822,0.658752,0.86336,0.507839,0.81283,0.481269,0.813293,0.330356,0.837581,0.33043,0.837118,0.481343,0.388795,0.838157,0.389258,0.687244,0.413546,0.687319,0.413083,0.838232,0.863321,0.83655,0.862858,0.685637,0.887146,0.685562,0.887609,0.836475,0.151527,0.838157,0.15199,0.687244,0.176278,0.687319,0.175815,0.838232,0.835975,0.685562,0.836436,0.835975,0.686024,0.836436,0.685562,0.686024,0.658177,0.685562,0.658639,0.835975,0.508226,0.836436,0.507765,0.686024,0.013672,0.658272,0.013211,0.50786,0.044116,0.507765,0.044578,0.658177,0.233605,0.687244,0.234066,0.837657,0.203161,0.837752,0.202699,0.687339,0.786409,0.33093,0.785947,0.481343,0.755042,0.481248,0.755503,0.330836,0.481343,0.684789,0.480882,0.835202,0.449976,0.835107,0.450437,0.684694,0.785947,0.083559,0.786409,0.233971,0.755503,0.234066,0.755042,0.083653,0.480882,0.507765,0.481343,0.658177,0.450437,0.658272,0.449976,0.50786]],
			"normals"  : [0.301492,0.904508,-0.301492,-0.301492,0.904508,-0.301492,-0.577349,0.577349,-0.577349,0.577349,0.577349,-0.577349,-0.301492,0.904508,0.301492,-0.577349,0.577349,0.577349,0.904508,-0.301492,-0.301492,0.904508,0.301492,-0.301492,0.577349,-0.577349,-0.577349,0.301492,0.301492,-0.904508,0.301492,-0.301492,-0.904508,-0.904508,-0.301492,-0.301492,-0.904508,-0.301492,0.301492,-0.577349,-0.577349,0.577349,-0.577349,-0.577349,-0.577349,-0.301492,0.301492,0.904508,-0.301492,-0.301492,0.904508,0.577349,-0.577349,0.577349,0.904508,0.301492,0.301492,0.904508,-0.301492,0.301492,0.577349,0.577349,0.577349,-0.904508,0.301492,-0.301492,-0.904508,0.301492,0.301492,-0.301492,0.301492,-0.904508,-0.301492,-0.301492,-0.904508,0.301492,0.301492,0.904508,0.301492,-0.301492,0.904508,-0.301492,-0.904508,-0.301492,-0.301492,-0.904508,0.301492,0.301492,-0.904508,0.301492,0.301492,-0.904508,-0.301492,0.301492,0.904508,0.301492],
			
			"skinIndices"  : [],
			"skinWeights"  : [],
			"morphTargets" : [],
			
			"bones"      : [],
			"animations" : [],
			
			"colors"    : [],
			"materials" : [
				{
					"DbgColor": 15658734,
					"DbgIndex": 0,
					"DbgName": "Diffuce",
					"blending": "NormalBlending",