	{

		"metadata": {
			"formatVersion" : 3.1,
			"generatedBy"   : "Blender 2.7 Exporter",
			"vertices"      : 33,
			"faces"         : 62,
			"normals"       : 33,
			"colors"        : 0,
			"uvs"           : [],
			"materials"     : 1,
			"morphTargets"  : 0,
			"bones"         : 0
		},

			"scale" : 1.000000,
			
			"vertices" : [0,-1,-1,0.19509,-1,-0.980785,0.382683,-1,-0.923879,0.55557,-1,-0.83147,0.707107,-1,-0.707107,0.83147,-1,-0.55557,0.92388,-1,-0.382683,0.980785,-1,-0.19509,1,-1,-3.17865e-08,0,1,-4.37114e-08,0.980785,-1,0.19509,0.92388,-1,0.382683,0.83147,-1,0.55557,0.707107,-1,0.707107,0.55557,-1,0.83147,0.382683,-1,0.92388,0.19509,-1,0.980785,-3.25841e-07,-1,1,-0.195091,-1,0.980785,-0.382684,-1,0.923879,-0.555571,-1,0.831469,-0.707107,-1,0.707106,-0.83147,-1,0.55557,-0.92388,-1,0.382683,-0.980785,-1,0.19509,-1,-1,-9.21888e-07,-0.980785,-1,-0.195091,-0.923879,-1,-0.382684,-0.831469,-1,-0.555571,-0.707106,-1,-0.707108,-0.555569,-1,-0.83147,-0.382682,-1,-0.92388,-0.195089,-1,-0.980785],
			"faces"    : [34,31,9,32,0,0,1,2,34,0,9,1,0,3,1,4,34,30,9,31,0,5,1,0,34,29,9,30,0,6,1,5,34,28,9,29,0,7,1,6,34,27,9,28,0,8,1,7,34,26,9,27,0,9,1,8,34,25,9,26,0,10,1,9,34,24,9,25,0,11,1,10,34,23,9,24,0,12,1,11,34,22,9,23,0,13,1,12,34,21,9,22,0,14,1,13,34,20,9,21,0,15,1,14,34,19,9,20,0,16,1,15,34,18,9,19,0,17,1,16,34,17,9,18,0,18,1,17,34,16,9,17,0,19,1,18,34,15,9,16,0,20,1,19,34,14,9,15,0,21,1,20,34,13,9,14,0,22,1,21,34,12,9,13,0,23,1,22,34,11,9,12,0,24,1,23,34,10,9,11,0,25,1,24,34,8,9,10,0,26,1,25,34,7,9,8,0,27,1,26,34,6,9,7,0,28,1,27,34,5,9,6,0,29,1,28,34,4,9,5,0,30,1,29,34,3,9,4,0,31,1,30,34,2,9,3,0,32,1,31,34,32,9,0,0,2,1,3,34,1,9,2,0,4,1,32,34,0,31,32,0,3,0,2,34,29,30,31,0,6,5,0,34,27,28,29,0,8,7,6,34,25,26,27,0,10,9,8,34,23,24,25,0,12,11,10,34,21,22,23,0,14,13,12,34,19,20,21,0,16,15,14,34,17,18,19,0,18,17,16,34,15,16,17,0,20,19,18,34,13,14,15,0,22,21,20,34,11,12,13,0,24,23,22,34,8,10,11,0,26,25,24,34,6,7,8,0,28,27,26,34,4,5,6,0,30,29,28,34,2,3,4,0,32,31,30,34,0,1,2,0,3,4,32,34,0,29,31,0,3,6,0,34,25,27,29,0,10,8,6,34,21,23,25,0,14,12,10,34,17,19,21,0,18,16,14,34,13,15,17,0,22,20,18,34,8,11,13,0,26,24,22,34,4,6,8,0,30,28,26,34,0,2,4,0,3,32,30,34,0,25,29,0,3,10,6,34,17,21,25,0,18,14,10,34,8,13,17,0,26,22,18,34,0,4,8,0,3,30,26,34,0,17,25,0,3,18,10,34,0,8,17,0,3,26,18],
			"uvs"      : [],
			"normals"  : [-0.330668,-0.503281,-0.798334,0,1,0,-0.168554,-0.503281,-0.847499,0,-0.503281,-0.864101,0.168554,-0.503281,-0.847499,-0.480056,-0.503281,-0.718467,-0.611011,-0.503281,-0.611011,-0.718467,-0.503281,-0.480056,-0.798334,-0.503281,-0.330668,-0.847499,-0.503281,-0.168554,-0.864101,-0.503281,0,-0.847499,-0.503281,0.168554,-0.798334,-0.503281,0.330668,-0.718467,-0.503281,0.480056,-0.611011,-0.503281,0.611011,-0.480056,-0.503281,0.718467,-0.330668,-0.503281,0.798334,-0.168554,-0.503281,0.847499,0,-0.503281,0.864101,0.168554,-0.503281,0.847499,0.330668,-0.503281,0.798334,0.480056,-0.503281,0.718467,0.611011,-0.503281,0.611011,0.718467,-0.503281,0.480056,0.798334,-0.503281,0.330668,0.847499,-0.503281,0.168554,0.864101,-0.503281,0,0.847499,-0.503281,-0.168554,0.798334,-0.503281,-0.330668,0.718467,-0.503281,-0.480056,0.611011,-0.503281,-0.611011,0.480056,-0.503281,-0.718467,0.330668,-0.503281,-0.798334],
			
			"skinIndices"  : [],
			"skinWeights"  : [],
			"morphTargets" : [],
			
			"bones"      : [],
			"animations" : [],
			
			"colors"    : [],
			"materials" : [
				{
					"DbgColor": 15658734,
					"DbgIndex": 0,
					"DbgName": "default",
					"vertexColors": false
				}
			]


	}
