	{

		"metadata": {
			"formatVersion" : 3.1,
			"generatedBy"   : "Blender 2.7 Exporter",
			"vertices"      : 64,
			"faces"         : 92,
			"normals"       : 64,
			"colors"        : 0,
			"uvs"           : [],
			"materials"     : 1,
			"morphTargets"  : 0,
			"bones"         : 0
		},

			"scale" : 1.000000,
			
			"vertices" : [0,-1,-1,0,1,-1,0.19509,-1,-0.980785,0.19509,1,-0.980785,0.382683,-1,-0.923879,0.382683,1,-0.92388,0.55557,-1,-0.83147,0.55557,1,-0.83147,0.707107,-1,-0.707107,0.707107,1,-0.707107,0.83147,-1,-0.55557,0.83147,1,-0.55557,0.92388,-1,-0.382683,0.92388,1,-0.382683,0.980785,-1,-0.19509,0.980785,1,-0.19509,1,-1,-3.17865e-08,1,1,-1.19209e-07,0.980785,-1,0.19509,0.980785,1,0.19509,0.92388,-1,0.382683,0.92388,1,0.382683,0.83147,-1,0.55557,0.83147,1,0.55557,0.707107,-1,0.707107,0.707107,1,0.707107,0.55557,-1,0.83147,0.55557,1,0.83147,0.382683,-1,0.92388,0.382683,1,0.92388,0.19509,-1,0.980785,0.19509,1,0.980785,-3.25841e-07,-1,1,-3.25841e-07,1,1,-0.195091,-1,0.980785,-0.195091,1,0.980785,-0.382684,-1,0.923879,-0.382684,1,0.923879,-0.555571,-1,0.831469,-0.555571,1,0.831469,-0.707107,-1,0.707106,-0.707107,1,0.707106,-0.83147,-1,0.55557,-0.83147,1,0.55557,-0.92388,-1,0.382683,-0.92388,1,0.382683,-0.980785,-1,0.19509,-0.980785,1,0.195089,-1,-1,-9.21888e-07,-1,1,-1.00931e-06,-0.980785,-1,-0.195091,-0.980785,1,-0.195091,-0.923879,-1,-0.382684,-0.923879,1,-0.382684,-0.831469,-1,-0.555571,-0.831469,1,-0.555571,-0.707106,-1,-0.707108,-0.707106,1,-0.707108,-0.555569,-1,-0.83147,-0.555569,1,-0.83147,-0.382682,-1,-0.92388,-0.382682,1,-0.92388,-0.195089,-1,-0.980785,-0.195089,1,-0.980786],
			"faces"    : [35,0,1,3,2,0,0,1,2,3,35,2,3,5,4,0,3,2,4,5,35,4,5,7,6,0,5,4,6,7,35,6,7,9,8,0,7,6,8,9,35,8,9,11,10,0,9,8,10,11,35,10,11,13,12,0,11,10,12,13,35,12,13,15,14,0,13,12,14,15,35,14,15,17,16,0,15,14,16,17,35,16,17,19,18,0,17,16,18,19,35,18,19,21,20,0,19,18,20,21,35,20,21,23,22,0,21,20,22,23,35,22,23,25,24,0,23,22,24,25,35,24,25,27,26,0,25,24,26,27,35,26,27,29,28,0,27,26,28,29,35,28,29,31,30,0,29,28,30,31,35,30,31,33,32,0,31,30,32,33,35,32,33,35,34,0,33,32,34,35,35,34,35,37,36,0,35,34,36,37,35,36,37,39,38,0,37,36,38,39,35,38,39,41,40,0,39,38,40,41,35,40,41,43,42,0,41,40,42,43,35,42,43,45,44,0,43,42,44,45,35,44,45,47,46,0,45,44,46,47,35,46,47,49,48,0,47,46,48,49,35,48,49,51,50,0,49,48,50,51,35,50,51,53,52,0,51,50,52,53,35,52,53,55,54,0,53,52,54,55,35,54,55,57,56,0,55,54,56,57,35,56,57,59,58,0,57,56,58,59,35,58,59,61,60,0,59,58,60,61,34,3,7,5,0,2,6,4,34,11,9,7,0,10,8,6,34,15,13,11,0,14,12,10,34,19,17,15,0,18,16,14,34,23,21,19,0,22,20,18,34,27,25,23,0,26,24,22,34,31,29,27,0,30,28,26,34,35,33,31,0,34,32,30,34,39,37,35,0,38,36,34,34,43,41,39,0,42,40,38,34,47,45,43,0,46,44,42,34,51,49,47,0,50,48,46,34,55,53,51,0,54,52,50,34,59,57,55,0,58,56,54,34,63,61,59,0,62,60,58,34,3,1,63,0,2,1,62,34,3,11,7,0,2,10,6,34,19,15,11,0,18,14,10,34,27,23,19,0,26,22,18,34,35,31,27,0,34,30,26,34,43,39,35,0,42,38,34,34,51,47,43,0,50,46,42,34,59,55,51,0,58,54,50,34,3,63,59,0,2,62,58,34,3,19,11,0,2,18,10,34,35,27,19,0,34,26,18,34,51,43,35,0,50,42,34,34,3,59,51,0,2,58,50,34,3,35,19,0,2,34,18,34,3,51,35,0,2,50,34,35,1,0,62,63,0,1,0,63,62,35,60,61,63,62,0,61,60,62,63,34,0,60,62,0,0,61,63,34,56,58,60,0,57,59,61,34,52,54,56,0,53,55,57,34,48,50,52,0,49,51,53,34,44,46,48,0,45,47,49,34,40,42,44,0,41,43,45,34,36,38,40,0,37,39,41,34,32,34,36,0,33,35,37,34,28,30,32,0,29,31,33,34,24,26,28,0,25,27,29,34,20,22,24,0,21,23,25,34,16,18,20,0,17,19,21,34,12,14,16,0,13,15,17,34,8,10,12,0,9,11,13,34,4,6,8,0,5,7,9,34,0,2,4,0,0,3,5,34,0,56,60,0,0,57,61,34,48,52,56,0,49,53,57,34,40,44,48,0,41,45,49,34,32,36,40,0,33,37,41,34,24,28,32,0,25,29,33,34,16,20,24,0,17,21,25,34,8,12,16,0,9,13,17,34,0,4,8,0,0,5,9,34,0,48,56,0,0,49,57,34,32,40,48,0,33,41,49,34,16,24,32,0,17,25,33,34,0,8,16,0,0,9,17,34,0,32,48,0,0,33,49,34,0,16,32,0,0,17,33],
			"uvs"      : [],
			"normals"  : [0,-0.68569,-0.727866,0,0.68569,-0.727866,0.142003,0.68569,-0.713889,0.142003,-0.68569,-0.713889,0.278542,0.68569,-0.672475,0.278542,-0.68569,-0.672475,0.40437,0.68569,-0.605213,0.40437,-0.68569,-0.605213,0.514664,0.68569,-0.514664,0.514664,-0.68569,-0.514664,0.605213,0.68569,-0.40437,0.605213,-0.68569,-0.40437,0.672475,0.68569,-0.278542,0.672475,-0.68569,-0.278542,0.713889,0.68569,-0.142003,0.713889,-0.68569,-0.142003,0.727866,0.68569,0,0.727866,-0.68569,0,0.713889,0.68569,0.142003,0.713889,-0.68569,0.142003,0.672475,0.68569,0.278542,0.672475,-0.68569,0.278542,0.605213,0.68569,0.40437,0.605213,-0.68569,0.40437,0.514664,0.68569,0.514664,0.514664,-0.68569,0.514664,0.40437,0.68569,0.605213,0.40437,-0.68569,0.605213,0.278542,0.68569,0.672475,0.278542,-0.68569,0.672475,0.142003,0.68569,0.713889,0.142003,-0.68569,0.713889,0,0.68569,0.727866,0,-0.68569,0.727866,-0.142003,0.68569,0.713889,-0.142003,-0.68569,0.713889,-0.278542,0.68569,0.672475,-0.278542,-0.68569,0.672475,-0.40437,0.68569,0.605213,-0.40437,-0.68569,0.605213,-0.514664,0.68569,0.514664,-0.514664,-0.68569,0.514664,-0.605213,0.68569,0.40437,-0.605213,-0.68569,0.40437,-0.672475,0.68569,0.278542,-0.672475,-0.68569,0.278542,-0.713889,0.68569,0.142003,-0.713889,-0.68569,0.142003,-0.727866,0.68569,0,-0.727866,-0.68569,0,-0.713889,0.68569,-0.142003,-0.713889,-0.68569,-0.142003,-0.672475,0.68569,-0.278542,-0.672475,-0.68569,-0.278542,-0.605213,0.68569,-0.40437,-0.605213,-0.68569,-0.40437,-0.514664,0.68569,-0.514695,-0.514664,-0.68569,-0.514695,-0.40437,0.68569,-0.605213,-0.40437,-0.68569,-0.605213,-0.278542,0.68569,-0.672475,-0.278542,-0.68569,-0.672475,-0.142003,0.68569,-0.713889,-0.142003,-0.68569,-0.713889],
			
			"skinIndices"  : [],
			"skinWeights"  : [],
			"morphTargets" : [],
			
			"bones"      : [],
			"animations" : [],
			
			"colors"    : [],
			"materials" : [
				{
					"DbgColor": 15658734,
					"DbgIndex": 0,
					"DbgName": "default",
					"vertexColors": false
				}
			]


	}
