{

    "metadata" :
    {
        "formatVersion" : 3.1,
        "sourceFile"    : "lightsphere.obj",
        "generatedBy"   : "OBJConverter",
        "vertices"      : 168,
        "faces"         : 56,
        "normals"       : 168,
        "colors"        : 0,
        "uvs"           : 168,
        "materials"     : 1
    },

    "scale" : 1.000000,

    "materials": [	{
	"DbgColor" : 15658734,
	"DbgIndex" : 0,
	"DbgName" : "",
	"illumination" : 1
	}],

    "vertices": [0.000000,-1.000000,0.000000,0.000000,-0.500000,0.866025,0.677086,-0.500000,0.539958,0.000000,-1.000000,0.000000,0.677086,-0.500000,0.539958,0.000000,-1.000000,0.000000,0.000000,-1.000000,0.000000,0.677086,-0.500000,0.539958,0.844312,-0.500000,-0.192709,0.000000,-1.000000,0.000000,0.844312,-0.500000,-0.192709,0.000000,-1.000000,0.000000,0.000000,-1.000000,0.000000,0.844312,-0.500000,-0.192709,0.375754,-0.500000,-0.780262,0.000000,-1.000000,0.000000,0.375754,-0.500000,-0.780262,0.000000,-1.000000,0.000000,0.000000,-1.000000,0.000000,0.375754,-0.500000,-0.780262,-0.375754,-0.500000,-0.780262,0.000000,-1.000000,0.000000,-0.375754,-0.500000,-0.780262,0.000000,-1.000000,0.000000,0.000000,-1.000000,0.000000,-0.375754,-0.500000,-0.780262,-0.844312,-0.500000,-0.192709,0.000000,-1.000000,0.000000,-0.844312,-0.500000,-0.192709,0.000000,-1.000000,0.000000,0.000000,-1.000000,0.000000,-0.844312,-0.500000,-0.192709,-0.677086,-0.500000,0.539958,0.000000,-1.000000,0.000000,-0.677086,-0.500000,0.539958,0.000000,-1.000000,0.000000,0.000000,-1.000000,0.000000,-0.677086,-0.500000,0.539958,0.000000,-0.500000,0.866025,0.000000,-1.000000,0.000000,0.000000,-0.500000,0.866025,0.000000,-1.000000,0.000000,0.000000,-0.500000,0.866025,0.000000,0.000000,1.000000,0.781831,0.000000,0.623490,0.000000,-0.500000,0.866025,0.781831,0.000000,0.623490,0.677086,-0.500000,0.539958,0.677086,-0.500000,0.539958,0.781831,0.000000,0.623490,0.974928,0.000000,-0.222521,0.677086,-0.500000,0.539958,0.974928,0.000000,-0.222521,0.844312,-0.500000,-0.192709,0.844312,-0.500000,-0.192709,0.974928,0.000000,-0.222521,0.433884,0.000000,-0.900969,0.844312,-0.500000,-0.192709,0.433884,0.000000,-0.900969,0.375754,-0.500000,-0.780262,0.375754,-0.500000,-0.780262,0.433884,0.000000,-0.900969,-0.433884,0.000000,-0.900969,0.375754,-0.500000,-0.780262,-0.433884,0.000000,-0.900969,-0.375754,-0.500000,-0.780262,-0.375754,-0.500000,-0.780262,-0.433884,0.000000,-0.900969,-0.974928,0.000000,-0.222521,-0.375754,-0.500000,-0.780262,-0.974928,0.000000,-0.222521,-0.844312,-0.500000,-0.192709,-0.844312,-0.500000,-0.192709,-0.974928,0.000000,-0.222521,-0.781831,0.000000,0.623490,-0.844312,-0.500000,-0.192709,-0.781831,0.000000,0.623490,-0.677086,-0.500000,0.539958,-0.677086,-0.500000,0.539958,-0.781831,0.000000,0.623490,0.000000,0.000000,1.000000,-0.677086,-0.500000,0.539958,0.000000,0.000000,1.000000,0.000000,-0.500000,0.866025,0.000000,0.000000,1.000000,0.000000,0.500000,0.866025,0.677086,0.500000,0.539958,0.000000,0.000000,1.000000,0.677086,0.500000,0.539958,0.781831,0.000000,0.623490,0.781831,0.000000,0.623490,0.677086,0.500000,0.539958,0.844312,0.500000,-0.192709,0.781831,0.000000,0.623490,0.844312,0.500000,-0.192709,0.974928,0.000000,-0.222521,0.974928,0.000000,-0.222521,0.844312,0.500000,-0.192709,0.375754,0.500000,-0.780262,0.974928,0.000000,-0.222521,0.375754,0.500000,-0.780262,0.433884,0.000000,-0.900969,0.433884,0.000000,-0.900969,0.375754,0.500000,-0.780262,-0.375754,0.500000,-0.780262,0.433884,0.000000,-0.900969,-0.375754,0.500000,-0.780262,-0.433884,0.000000,-0.900969,-0.433884,0.000000,-0.900969,-0.375754,0.500000,-0.780262,-0.844312,0.500000,-0.192709,-0.433884,0.000000,-0.900969,-0.844312,0.500000,-0.192709,-0.974928,0.000000,-0.222521,-0.974928,0.000000,-0.222521,-0.844312,0.500000,-0.192709,-0.677086,0.500000,0.539958,-0.974928,0.000000,-0.222521,-0.677086,0.500000,0.539958,-0.781831,0.000000,0.623490,-0.781831,0.000000,0.623490,-0.677086,0.500000,0.539958,0.000000,0.500000,0.866025,-0.781831,0.000000,0.623490,0.000000,0.500000,0.866025,0.000000,0.000000,1.000000,0.000000,0.500000,0.866025,0.000000,1.000000,0.000000,0.000000,1.000000,0.000000,0.000000,0.500000,0.866025,0.000000,1.000000,0.000000,0.677086,0.500000,0.539958,0.677086,0.500000,0.539958,0.000000,1.000000,0.000000,0.000000,1.000000,0.000000,0.677086,0.500000,0.539958,0.000000,1.000000,0.000000,0.844312,0.500000,-0.192709,0.844312,0.500000,-0.192709,0.000000,1.000000,0.000000,0.000000,1.000000,0.000000,0.844312,0.500000,-0.192709,0.000000,1.000000,0.000000,0.375754,0.500000,-0.780262,0.375754,0.500000,-0.780262,0.000000,1.000000,0.000000,0.000000,1.000000,0.000000,0.375754,0.500000,-0.780262,0.000000,1.000000,0.000000,-0.375754,0.500000,-0.780262,-0.375754,0.500000,-0.780262,0.000000,1.000000,0.000000,0.000000,1.000000,0.000000,-0.375754,0.500000,-0.780262,0.000000,1.000000,0.000000,-0.844312,0.500000,-0.192709,-0.844312,0.500000,-0.192709,0.000000,1.000000,0.000000,0.000000,1.000000,0.000000,-0.844312,0.500000,-0.192709,0.000000,1.000000,0.000000,-0.677086,0.500000,0.539958,-0.677086,0.500000,0.539958,0.000000,1.000000,0.000000,0.000000,1.000000,0.000000,-0.677086,0.500000,0.539958,0.000000,1.000000,0.000000,0.000000,0.500000,0.866025],

    "morphTargets": [],

    "morphColors": [],

    "normals": [0,-1,0,0,-1,0,0,-1,0,0,-1,0,0,-1,0,0,-1,0,0,-1,0,0,-1,0,0,-1,0,0,-1,0,0,-1,0,0,-1,0,0,-1,0,0,-1,0,0,-1,0,0,-1,0,0,-1,0,0,-1,0,0,-1,0,0,-1,0,0,-1,0,0,-1,0,0,-1,0,0,-1,0,0,-1,0,0,-1,0,0,-1,0,0,-1,0,0,-1,0,0,-1,0,0,-1,0,0,-1,0,0,-1,0,0,-1,0,0,-1,0,0,-1,0,0,-1,0,0,-1,0,0,-1,0,0,-1,0,0,-1,0,0,-1,0,0,-1,0,0,-1,0,0,-1,0,0,-1,0,0,-1,0,0,-1,0,0,-1,0,0,-1,0,0,-1,0,0,-1,0,0,-1,0,0,-1,0,0,-1,0,0,-1,0,0,-1,0,0,-1,0,0,-1,0,0,-1,0,0,-1,0,0,-1,0,0,-1,0,0,-1,0,0,-1,0,0,-1,0,0,-1,0,0,-1,0,0,-1,0,0,-1,0,0,-1,0,0,-1,0,0,-1,0,0,-1,0,0,-1,0,0,-1,0,0,-1,0,0,-1,0,0,-1,0,0,-1,0,0,-1,0,0,-1,0,0,-1,0,0,-1,0,0,-1,0,0,-1,0,0,-1,0,0,-1,0,0,-1,0,0,-1,0,0,-1,0,0,-1,0,0,-1,0,0,-1,0,0,-1,0,0,-1,0,0,-1,0,0,-1,0,0,-1,0,0,-1,0,0,-1,0,0,-1,0,0,-1,0,0,-1,0,0,-1,0,0,-1,0,0,-1,0,0,-1,0,0,-1,0,0,-1,0,0,-1,0,0,-1,0,0,-1,0,0,-1,0,0,-1,0,0,-1,0,0,-1,0,0,-1,0,0,-1,0,0,-1,0,0,-1,0,0,-1,0,0,-1,0,0,-1,0,0,-1,0,0,-1,0,0,-1,0,0,-1,0,0,-1,0,0,-1,0,0,-1,0,0,-1,0,0,-1,0,0,-1,0,0,-1,0,0,-1,0,0,-1,0,0,-1,0,0,-1,0,0,-1,0,0,-1,0,0,-1,0,0,-1,0,0,-1,0,0,-1,0,0,-1,0,0,-1,0,0,-1,0,0,-1,0,0,-1,0,0,-1,0,0,-1,0,0,-1,0,0,-1,0,0,-1,0,0,-1,0,0,-1,0,0,-1,0,0,-1,0,0,-1,0,0,-1,0,0,-1,0,0,-1,0,0,-1,0,0,-1,0,0,-1,0,0,-1,0,0,-1,0],

    "colors": [],