{

    "metadata" :
    {
        "formatVersion" : 3.1,
        "sourceFile"    : "plane.obj",
        "generatedBy"   : "OBJConverter",
        "vertices"      : 150,
        "faces"         : 50,
        "normals"       : 150,
        "colors"        : 0,
        "uvs"           : 150,
        "materials"     : 1
    },

    "scale" : 1.000000,

    "materials": [	{
	"DbgColor" : 15658734,
	"DbgIndex" : 0,
	"DbgName" : "",
	"illumination" : 1
	}],

    "vertices": [-0.500000,0.000000,-0.500000,-0.500000,0.000000,-0.300000,-0.300000,0.000000,-0.300000,-0.500000,0.000000,-0.500000,-0.300000,0.000000,-0.300000,-0.300000,0.000000,-0.500000,-0.500000,0.000000,-0.300000,-0.500000,0.000000,-0.100000,-0.300000,0.000000,-0.100000,-0.500000,0.000000,-0.300000,-0.300000,0.000000,-0.100000,-0.300000,0.000000,-0.300000,-0.500000,0.000000,-0.100000,-0.500000,0.000000,0.100000,-0.300000,0.000000,0.100000,-0.500000,0.000000,-0.100000,-0.300000,0.000000,0.100000,-0.300000,0.000000,-0.100000,-0.500000,0.000000,0.100000,-0.500000,0.000000,0.300000,-0.300000,0.000000,0.300000,-0.500000,0.000000,0.100000,-0.300000,0.000000,0.300000,-0.300000,0.000000,0.100000,-0.500000,0.000000,0.300000,-0.500000,0.000000,0.500000,-0.300000,0.000000,0.500000,-0.500000,0.000000,0.300000,-0.300000,0.000000,0.500000,-0.300000,0.000000,0.300000,-0.300000,0.000000,-0.500000,-0.300000,0.000000,-0.300000,-0.100000,0.000000,-0.300000,-0.300000,0.000000,-0.500000,-0.100000,0.000000,-0.300000,-0.100000,0.000000,-0.500000,-0.300000,0.000000,-0.300000,-0.300000,0.000000,-0.100000,-0.100000,0.000000,-0.100000,-0.300000,0.000000,-0.300000,-0.100000,0.000000,-0.100000,-0.100000,0.000000,-0.300000,-0.300000,0.000000,-0.100000,-0.300000,0.000000,0.100000,-0.100000,0.000000,0.100000,-0.300000,0.000000,-0.100000,-0.100000,0.000000,0.100000,-0.100000,0.000000,-0.100000,-0.300000,0.000000,0.100000,-0.300000,0.000000,0.300000,-0.100000,0.000000,0.300000,-0.300000,0.000000,0.100000,-0.100000,0.000000,0.300000,-0.100000,0.000000,0.100000,-0.300000,0.000000,0.300000,-0.300000,0.000000,0.500000,-0.100000,0.000000,0.500000,-0.300000,0.000000,0.300000,-0.100000,0.000000,0.500000,-0.100000,0.000000,0.300000,-0.100000,0.000000,-0.500000,-0.100000,0.000000,-0.300000,0.100000,0.000000,-0.300000,-0.100000,0.000000,-0.500000,0.100000,0.000000,-0.300000,0.100000,0.000000,-0.500000,-0.100000,0.000000,-0.300000,-0.100000,0.000000,-0.100000,0.100000,0.000000,-0.100000,-0.100000,0.000000,-0.300000,0.100000,0.000000,-0.100000,0.100000,0.000000,-0.300000,-0.100000,0.000000,-0.100000,-0.100000,0.000000,0.100000,0.100000,0.000000,0.100000,-0.100000,0.000000,-0.100000,0.100000,0.000000,0.100000,0.100000,0.000000,-0.100000,-0.100000,0.000000,0.100000,-0.100000,0.000000,0.300000,0.100000,0.000000,0.300000,-0.100000,0.000000,0.100000,0.100000,0.000000,0.300000,0.100000,0.000000,0.100000,-0.100000,0.000000,0.300000,-0.100000,0.000000,0.500000,0.100000,0.000000,0.500000,-0.100000,0.000000,0.300000,0.100000,0.000000,0.500000,0.100000,0.000000,0.300000,0.100000,0.000000,-0.500000,0.100000,0.000000,-0.300000,0.300000,0.000000,-0.300000,0.100000,0.000000,-0.500000,0.300000,0.000000,-0.300000,0.300000,0.000000,-0.500000,0.100000,0.000000,-0.300000,0.100000,0.000000,-0.100000,0.300000,0.000000,-0.100000,0.100000,0.000000,-0.300000,0.300000,0.000000,-0.100000,0.300000,0.000000,-0.300000,0.100000,0.000000,-0.100000,0.100000,0.000000,0.100000,0.300000,0.000000,0.100000,0.100000,0.000000,-0.100000,0.300000,0.000000,0.100000,0.300000,0.000000,-0.100000,0.100000,0.000000,0.100000,0.100000,0.000000,0.300000,0.300000,0.000000,0.300000,0.100000,0.000000,0.100000,0.300000,0.000000,0.300000,0.300000,0.000000,0.100000,0.100000,0.000000,0.300000,0.100000,0.000000,0.500000,0.300000,0.000000,0.500000,0.100000,0.000000,0.300000,0.300000,0.000000,0.500000,0.300000,0.000000,0.300000,0.300000,0.000000,-0.500000,0.300000,0.000000,-0.300000,0.500000,0.000000,-0.300000,0.300000,0.000000,-0.500000,0.500000,0.000000,-0.300000,0.500000,0.000000,-0.500000,0.300000,0.000000,-0.300000,0.300000,0.000000,-0.100000,0.500000,0.000000,-0.100000,0.300000,0.000000,-0.300000,0.500000,0.000000,-0.100000,0.500000,0.000000,-0.300000,0.300000,0.000000,-0.100000,0.300000,0.000000,0.100000,0.500000,0.000000,0.100000,0.300000,0.000000,-0.100000,0.500000,0.000000,0.100000,0.500000,0.000000,-0.100000,0.300000,0.000000,0.100000,0.300000,0.000000,0.300000,0.500000,0.000000,0.300000,0.300000,0.000000,0.100000,0.500000,0.000000,0.300000,0.500000,0.000000,0.100000,0.300000,0.000000,0.300000,0.300000,0.000000,0.500000,0.500000,0.000000,0.500000,0.300000,0.000000,0.300000,0.500000,0.000000,0.500000,0.500000,0.000000,0.300000],

    "morphTargets": [],

    "morphColors": [],

    "normals": [0,1,0,0,1,0,0,1,0,0,1,0,0,1,0,0,1,0,0,1,0,0,1,0,0,1,0,0,1,0,0,1,0,0,1,0,0,1,0,0,1,0,0,1,0,0,1,0,0,1,0,0,1,0,0,1,0,0,1,0,0,1,0,0,1,0,0,1,0,0,1,0,0,1,0,0,1,0,0,1,0,0,1,0,0,1,0,0,1,0,0,1,0,0,1,0,0,1,0,0,1,0,0,1,0,0,1,0,0,1,0,0,1,0,0,1,0,0,1,0,0,1,0,0,1,0,0,1,0,0,1,0,0,1,0,0,1,0,0,1,0,0,1,0,0,1,0,0,1,0,0,1,0,0,1,0,0,1,0,0,1,0,0,1,0,0,1,0,0,1,0,0,1,0,0,1,0,0,1,0,0,1,0,0,1,0,0,1,0,0,1,0,0,1,0,0,1,0,0,1,0,0,1,0,0,1,0,0,1,0,0,1,0,0,1,0,0,1,0,0,1,0,0,1,0,0,1,0,0,1,0,0,1,0,0,1,0,0,1,0,0,1,0,0,1,0,0,1,0,0,1,0,0,1,0,0,1,0,0,1,0,0,1,0,0,1,0,0,1,0,0,1,0,0,1,0,0,1,0,0,1,0,0,1,0,0,1,0,0,1,0,0,1,0,0,1,0,0,1,0,0,1,0,0,1,0,0,1,0,0,1,0,0,1,0,0,1,0,0,1,0,0,1,0,0,1,0,0,1,0,0,1,0,0,1,0,0,1,0,0,1,0,0,1,0,0,1,0,0,1,0,0,1,0,0,1,0,0,1,0,0,1,0,0,1,0,0,1,0,0,1,0,0,1,0,0,1,0,0,1,0,0,1,0,0,1,0,0,1,0,0,1,0,0,1,0,0,1,0,0,1,0,0,1,0,0,1,0,0,1,0,0,1,0,0,1,0,0,1,0,0,1,0,0,1,0,0,1,0,0,1,0,0,1,0,0,1,0,0,1,0,0,1,0,0,1,0,0,1,0],

    "colors": [],

    "uvs": [[0,1,0,0.8,0.2,0.8,0,1,0.2,0.8,0.2,1,0,0.8,0,0.6,0.2,0.6,0,0.8,0.2,0.6,0.2,0.8,0,0.6,0,0.4,0.2,0.4,0,0.6,0.2,0.4,0.2,0.6,0,0.4,0,0.2,0.2,0.2,0,0.4,0.2,0.2,0.2,0.4,0,0.2,0,0,0.2,0,0,0.2,0.2,0,0.2,0.2,0.2,1,0.2,0.8,0.4,0.8,0.2,1,0.4,0.8,0.4,1,0.2,0.8,0.2,0.6,0.4,0.6,0.2,0.8,0.4,0.6,0.4,0.8,0.2,0.6,0.2,0.4,0.4,0.4,0.2,0.6,0.4,0.4,0.4,0.6,0.2,0.4,0.2,0.2,0.4,0.2,0.2,0.4,0.4,0.2,0.4,0.4,0.2,0.2,0.2,0,0.4,0,0.2,0.2,0.4,0,0.4,0.2,0.4,1,0.4,0.8,0.6,0.8,0.4,1,0.6,0.8,0.6,1,0.4,0.8,0.4,0.6,0.6,0.6,0.4,0.8,0.6,0.6,0.6,0.8,0.4,0.6,0.4,0.4,0.6,0.4,0.4,0.6,0.6,0.4,0.6,0.6,0.4,0.4,0.4,0.2,0.6,0.2,0.4,0.4,0.6,0.2,0.6,0.4,0.4,0.2,0.4,0,0.6,0,0.4,0.2,0.6,0,0.6,0.2,0.6,1,0.6,0.8,0.8,0.8,0.6,1,0.8,0.8,0.8,1,0.6,0.8,0.6,0.6,0.8,0.6,0.6,0.8,0.8,0.6,0.8,0.8,0.6,0.6,0.6,0.4,0.8,0.4,0.6,0.6,0.8,0.4,0.8,0.6,0.6,0.4,0.6,0.2,0.8,0.2,0.6,0.4,0.8,0.2,0.8,0.4,0.6,0.2,0.6,0,0.8,0,0.6,0.2,0.8,0,0.8,0.2,0.8,1,0.8,0.8,1,0.8,0.8,1,1,0.8,1,1,0.8,0.8,0.8,0.6,1,0.6,0.8,0.8,1,0.6,1,0.8,0.8,0.6,0.8,0.4,1,0.4,0.8,0.6,1,0.4,1,0.6,0.8,0.4,0.8,0.2,1,0.2,0.8,0.4,1,0.2,1,0.4,0.8,0.2,0.8,0,1,0,0.8,0.2,1,0,1,0.2]],